section,subject,file,url
القسم العلمي,اللغة العربية,pdfs/booklet-2026/arabic/sc/1.pdf,https://azhar.eg/exams/booklet-2026/arabic/sc/1.pdf
القسم العلمي,اللغة العربية,pdfs/booklet-2026/arabic/sc/2.pdf,https://azhar.eg/exams/booklet-2026/arabic/sc/2.pdf
القسم العلمي,اللغة العربية,pdfs/booklet-2026/arabic/sc/3.pdf,https://azhar.eg/exams/booklet-2026/arabic/sc/3.pdf
القسم العلمي,اللغة العربية,pdfs/booklet-2026/arabic/sc/4.pdf,https://azhar.eg/exams/booklet-2026/arabic/sc/4.pdf
القسم العلمي,المواد الشرعية,pdfs/booklet-2026/shary/sc/1.pdf,https://azhar.eg/exams/booklet-2026/shary/sc/1.pdf
القسم العلمي,المواد الشرعية,pdfs/booklet-2026/shary/sc/2.pdf,https://azhar.eg/exams/booklet-2026/shary/sc/2.pdf
القسم العلمي,المواد الشرعية,pdfs/booklet-2026/shary/sc/3.pdf,https://azhar.eg/exams/booklet-2026/shary/sc/3.pdf
القسم العلمي,المواد الشرعية,pdfs/booklet-2026/shary/sc/4.pdf,https://azhar.eg/exams/booklet-2026/shary/sc/4.pdf
القسم العلمي,المواد الشرعية,pdfs/booklet-2026/shary/sc/5.pdf,https://azhar.eg/exams/booklet-2026/shary/sc/5.pdf
القسم العلمي,المواد الشرعية,pdfs/booklet-2026/shary/sc/6.pdf,https://azhar.eg/exams/booklet-2026/shary/sc/6.pdf
القسم العلمي,المواد الشرعية,pdfs/booklet-2026/shary/sc/7.pdf,https://azhar.eg/exams/booklet-2026/shary/sc/7.pdf
القسم العلمي,المواد الشرعية,pdfs/booklet-2026/shary/sc/8.pdf,https://azhar.eg/exams/booklet-2026/shary/sc/8.pdf
القسم العلمي,اللغة الانجليزية,pdfs/booklet-2026/english/eng_sc.pdf,https://azhar.eg/exams/booklet-2026/english/eng_sc.pdf
القسم العلمي,الفرنساوي,pdfs/booklet-2026/french/fr.pdf,https://azhar.eg/exams/booklet-2026/french/fr.pdf
القسم العلمي,العلوم,pdfs/booklet-2026/science/2.pdf,https://azhar.eg/exams/booklet-2026/science/2.pdf
القسم العلمي,العلوم,pdfs/فيزياء - محدث.pdf,https://azhar.eg/exams/فيزياء%20-%20محدث.pdf
القسم العلمي,العلوم,pdfs/booklet-2026/science/1.pdf,https://azhar.eg/exams/booklet-2026/science/1.pdf
القسم العلمي,العلوم (لغات),pdfs/booklet-2026/science/02.pdf,https://azhar.eg/exams/booklet-2026/science/02.pdf
القسم العلمي,العلوم (لغات),pdfs/booklet-2026/science/03.pdf,https://azhar.eg/exams/booklet-2026/science/03.pdf
القسم العلمي,العلوم (لغات),pdfs/booklet-2026/science/01.pdf,https://azhar.eg/exams/booklet-2026/science/01.pdf
القسم العلمي,الرياضيات,pdfs/booklet-2026/math/2.pdf,https://azhar.eg/exams/booklet-2026/math/2.pdf
القسم العلمي,الرياضيات,pdfs/booklet-2026/math/3.pdf,https://azhar.eg/exams/booklet-2026/math/3.pdf
القسم العلمي,الرياضيات (لغات),pdfs/booklet-2026/math/02.pdf,https://azhar.eg/exams/booklet-2026/math/02.pdf
القسم العلمي,الرياضيات (لغات),pdfs/booklet-2026/math/03.pdf,https://azhar.eg/exams/booklet-2026/math/03.pdf
القسم الأدبي,اللغة العربية,pdfs/booklet-2026/arabic/adaby/1.pdf,https://azhar.eg/exams/booklet-2026/arabic/adaby/1.pdf
القسم الأدبي,اللغة العربية,pdfs/booklet-2026/arabic/adaby/2.pdf,https://azhar.eg/exams/booklet-2026/arabic/adaby/2.pdf
القسم الأدبي,اللغة العربية,pdfs/booklet-2026/arabic/adaby/3.pdf,https://azhar.eg/exams/booklet-2026/arabic/adaby/3.pdf
القسم الأدبي,اللغة العربية,pdfs/booklet-2026/arabic/adaby/4.pdf,https://azhar.eg/exams/booklet-2026/arabic/adaby/4.pdf
القسم الأدبي,اللغة العربية,pdfs/booklet-2026/arabic/adaby/5.pdf,https://azhar.eg/exams/booklet-2026/arabic/adaby/5.pdf
القسم الأدبي,المواد الشرعية,pdfs/booklet-2026/shary/adaby/1.pdf,https://azhar.eg/exams/booklet-2026/shary/adaby/1.pdf
القسم الأدبي,المواد الشرعية,pdfs/booklet-2026/shary/adaby/2.pdf,https://azhar.eg/exams/booklet-2026/shary/adaby/2.pdf
القسم الأدبي,المواد الشرعية,pdfs/booklet-2026/shary/adaby/3.pdf,https://azhar.eg/exams/booklet-2026/shary/adaby/3.pdf
القسم الأدبي,المواد الشرعية,pdfs/booklet-2026/shary/adaby/4.pdf,https://azhar.eg/exams/booklet-2026/shary/adaby/4.pdf
القسم الأدبي,المواد الشرعية,pdfs/booklet-2026/shary/adaby/5.pdf,https://azhar.eg/exams/booklet-2026/shary/adaby/5.pdf
القسم الأدبي,المواد الشرعية,pdfs/booklet-2026/shary/adaby/6.pdf,https://azhar.eg/exams/booklet-2026/shary/adaby/6.pdf
القسم الأدبي,المواد الشرعية,pdfs/booklet-2026/shary/adaby/7.pdf,https://azhar.eg/exams/booklet-2026/shary/adaby/7.pdf
القسم الأدبي,المواد الشرعية,pdfs/booklet-2026/shary/adaby/8.pdf,https://azhar.eg/exams/booklet-2026/shary/adaby/8.pdf
القسم الأدبي,اللغة الانجليزية,pdfs/booklet-2026/english/eng_ad.pdf,https://azhar.eg/exams/booklet-2026/english/eng_ad.pdf
القسم الأدبي,الفرنساوي,pdfs/booklet-2026/french/fr.pdf,https://azhar.eg/exams/booklet-2026/french/fr.pdf
القسم الأدبي,الاحصاء,pdfs/booklet-2026/math/1.pdf,https://azhar.eg/exams/booklet-2026/math/1.pdf
القسم الأدبي,الاحصاء,pdfs/booklet-2026/math/01.pdf,https://azhar.eg/exams/booklet-2026/math/01.pdf
القسم الأدبي,الدراسات الاجتماعية,pdfs/booklet-2026/social/2.pdf,https://azhar.eg/exams/booklet-2026/social/2.pdf
القسم الأدبي,الدراسات الاجتماعية,pdfs/booklet-2026/social/1.pdf,https://azhar.eg/exams/booklet-2026/social/1.pdf
